,Year,School,sum_PER,sum_WS,sum_WS/40,sum_PProd,sum_FT,sum_TS%,sum_PTS
0,2011,Hampton Pirates,125.5,10.2,1.04,1106.0,15.4,4.52,69.7
1,2011,Penn State Nittany Lions,120.2,8.3,0.55,1136.0,11.9,4.58,65.0
2,2011,Princeton Tigers,156.7,10.9,1.4,992.0,14.2,5.15,67.6
3,2011,Florida Gators,147.5,11.6,1.16,1148.0,13.9,4.7,73.4
4,2011,Clemson Tigers,130.1,10.2,1.09,1041.0,13.5,4.84,66.9
5,2011,St. John's (NY) Red Storm,133.3,10.0,0.92,1192.0,17.8,4.76,67.4
6,2011,Cincinnati Bearcats,138.0,10.2,1.02,1136.0,12.5,4.62,64.0
7,2011,UNC Asheville Bulldogs,148.9,11.2,1.2,1236.0,16.7,5.1,74.9
8,2011,BYU Cougars,149.0,13.0,1.3,1308.0,19.7,4.94,83.6
9,2011,UCLA Bruins,273.7,11.2,2.6,1193.0,15.8,5.27,68.3
10,2011,Kansas State Wildcats,143.9,9.0,1.16,1033.0,17.2,5.03,70.3
11,2011,UCSB Gauchos,130.1,8.8,0.8,997.0,13.5,4.88,66.5
12,2011,Memphis Tigers,133.6,7.1,0.88,933.0,13.2,4.86,64.9
13,2011,Syracuse Orange,188.2,11.3,1.41,1231.0,12.5,5.33,70.9
14,2011,Xavier Musketeers,201.1,14.5,1.86,1215.0,19.6,6.04,78.7
15,2011,Duke Blue Devils,133.5,12.9,1.23,1196.0,15.2,4.71,74.9
16,2011,Louisville Cardinals,156.6,11.6,1.16,1201.0,10.9,4.92,72.6
17,2011,San Diego State Aztecs,160.0,12.9,1.49,1091.0,14.3,4.8,71.4
18,2011,Pitt Panthers,151.2,13.6,1.34,1217.0,16.6,4.97,71.3
19,2011,Wofford Terriers,171.7,13.9,1.45,1305.0,15.4,5.37,74.3
20,2011,Akron Zips,138.8,9.6,1.05,1094.0,11.9,4.84,68.7
21,2011,Indiana State Sycamores,146.1,10.0,1.09,1138.0,14.5,5.03,66.6
22,2011,Ohio State Buckeyes,154.0,14.4,1.25,1338.0,15.7,5.41,75.2
23,2011,Arizona Wildcats,138.7,11.0,1.04,1322.0,17.6,5.05,74.0
24,2011,Northern Colorado Bears,142.2,11.4,1.27,1117.0,16.9,4.77,70.1
25,2011,West Virginia Mountaineers,136.6,10.3,1.01,1169.0,14.2,4.6,68.8
26,2011,Illinois Fighting Illini,140.7,10.0,0.86,1191.0,11.8,5.25,68.3
27,2011,Old Dominion Monarchs,141.9,12.9,1.15,1129.0,12.6,4.25,63.0
28,2011,Marquette Golden Eagles,150.9,9.9,0.96,1253.0,17.2,4.93,71.5
29,2011,UTSA Roadrunners,131.0,8.1,0.99,1042.0,16.6,5.19,67.7
30,2011,USC Trojans,64.7,10.1,0.19,1174.0,12.7,3.87,66.7
31,2011,Tennessee Volunteers,138.9,8.8,1.02,995.0,12.5,4.45,66.9
32,2011,Temple Owls,151.4,12.6,1.29,1160.0,17.1,4.71,82.2
33,2011,Villanova Wildcats,131.1,9.1,0.8,1268.0,17.9,4.78,74.3
34,2011,UConn Huskies,125.0,9.4,0.76,1213.0,12.6,4.45,67.3
35,2011,Belmont Bruins,178.9,19.7,1.99,1412.0,13.9,5.26,71.4
36,2011,Kentucky Wildcats,110.4,11.6,0.82,1178.0,14.9,3.88,73.5
37,2011,Michigan State Spartans,140.0,7.8,0.77,1086.0,12.6,5.01,61.7
38,2011,Purdue Boilermakers,138.0,13.1,1.11,1291.0,15.2,4.68,72.7
39,2011,Wisconsin Badgers,146.8,12.6,0.97,1193.0,12.7,4.94,67.2
40,2011,Alabama-Birmingham Blazers,131.8,10.1,1.08,1077.0,12.2,4.71,71.1
41,2011,Washington Huskies,151.4,12.6,1.22,1420.0,14.3,4.92,81.1
42,2011,Oakland Golden Grizzlies,170.8,15.3,1.36,1593.0,18.3,5.39,89.9
43,2011,Bucknell Bison,158.1,10.7,1.42,989.0,16.2,5.02,72.7
44,2011,St. Peter's Peacocks,122.0,11.2,1.08,1133.0,14.8,4.32,66.1
45,2011,Texas A&M Aggies,140.9,8.9,1.0,1024.0,15.4,4.72,65.3
46,2011,Florida State Seminoles,142.1,8.9,1.07,983.0,13.4,4.89,68.2
47,2011,Gonzaga Bulldogs,177.6,11.1,1.5,1014.0,17.0,5.22,74.0
48,2011,UNC Tar Heels,145.2,10.9,1.19,1155.0,14.6,4.44,76.0
49,2011,Richmond Spiders,179.9,11.2,1.54,1092.0,13.7,4.96,70.3
50,2011,Butler Bulldogs,144.1,12.3,1.12,1268.0,13.5,4.78,72.4
51,2011,Morehead State Eagles,133.5,12.8,1.14,1252.0,16.3,4.9,71.2
52,2011,Michigan Wolverines,123.5,8.0,0.7,1162.0,9.7,4.96,64.6
53,2011,Kansas Jayhawks,174.2,12.4,1.38,1242.0,15.9,5.29,82.6
54,2011,Utah State Aggies,152.6,14.9,1.59,1118.0,15.4,4.98,70.9
55,2011,UNLV Rebels,148.5,10.3,1.18,1110.0,15.0,4.63,71.6
56,2011,Georgetown Hoyas,185.4,9.0,1.55,1130.0,14.9,5.5,66.8
57,2011,Alabama State Hornets,143.3,10.3,1.26,1026.0,17.3,4.71,65.2
58,2011,Vanderbilt Commodores,129.9,9.3,0.81,1173.0,18.3,4.67,75.2
59,2011,Texas Longhorns,137.5,13.9,1.41,1154.0,17.2,4.74,72.4
60,2011,Georgia Bulldogs,131.3,9.5,0.92,1095.0,14.7,4.57,69.7
61,2011,LIU-Brooklyn Blackbirds,160.7,13.3,1.34,1442.0,17.8,4.99,80.7
62,2011,VCU Rams,165.6,10.5,1.16,1090.0,15.0,4.99,70.1
63,2011,Boston University Terriers,124.5,10.4,1.01,1041.0,15.4,4.46,68.2
64,2011,Little Rock Trojans,136.8,7.2,0.91,990.0,14.4,4.69,64.9
65,2011,Notre Dame Fighting Irish,164.9,11.6,1.08,1281.0,16.5,5.45,74.3
66,2011,Missouri Tigers,149.6,9.3,1.01,1203.0,15.5,4.94,75.7
67,2011,George Mason Patriots,167.8,15.7,1.56,1305.0,15.6,5.06,73.9
68,2012,Colorado Buffaloes,127.0,10.7,0.98,1190.0,15.0,4.76,66.5
69,2012,Davidson Wildcats,175.1,16.2,1.65,1375.0,17.1,4.97,78.9
70,2012,Alabama Crimson Tide,144.4,9.4,1.14,960.0,14.0,4.69,71.9
71,2012,Detroit Titans,130.7,10.4,0.94,1219.0,17.7,4.32,69.7
72,2012,New Mexico Lobos,150.6,10.6,1.44,899.0,10.3,4.93,65.0
73,2012,Florida Gators,136.1,10.1,0.99,1086.0,13.5,4.53,70.2
74,2012,Cincinnati Bearcats,138.8,10.7,0.94,1203.0,11.4,4.25,68.1
75,2012,BYU Cougars,148.9,11.9,1.33,1229.0,17.8,4.86,78.6
76,2012,Western Kentucky Hilltoppers,128.4,7.2,0.86,1052.0,15.0,4.62,66.5
77,2012,UNC Asheville Bulldogs,153.9,13.6,1.23,1415.0,21.5,5.32,81.7
78,2012,Kansas State Wildcats,132.6,10.2,1.01,1151.0,14.2,4.61,66.0
79,2012,South Florida Bulls,126.9,9.6,0.99,1047.0,11.5,4.88,59.2
80,2012,Memphis Tigers,171.9,14.1,1.6,1142.0,13.9,5.48,81.4
81,2012,St. Bonaventure Bonnies,142.1,10.3,1.09,1137.0,17.0,4.92,71.9
82,2012,Syracuse Orange,177.8,13.8,1.46,1236.0,13.1,5.23,71.5
83,2012,Xavier Musketeers,140.2,9.2,0.97,1116.0,15.4,4.9,70.3
84,2012,Duke Blue Devils,143.6,11.1,1.13,1200.0,16.3,4.78,75.6
85,2012,Saint Louis Billikens,137.9,11.6,1.23,1094.0,13.5,4.63,68.8
86,2012,Wichita State Shockers,171.2,16.0,1.6,1332.0,16.2,5.47,77.4
87,2012,Baylor Bears,152.6,11.4,1.13,1255.0,14.5,5.16,70.6
88,2012,Louisville Cardinals,128.4,10.2,0.85,1161.0,14.2,4.41,71.3
89,2012,Indiana Hoosiers,149.4,10.3,0.99,1269.0,17.3,5.27,73.3
90,2012,San Diego State Aztecs,129.4,8.3,1.01,941.0,16.5,4.69,70.2
91,2012,Colorado State Rams,174.0,7.1,1.07,937.0,15.9,5.6,69.2
92,2012,Southern Miss Golden Eagles,149.3,9.2,1.06,1110.0,17.6,4.68,70.9
93,2012,California Golden Bears,162.8,13.1,1.41,1239.0,13.9,5.16,74.2
94,2012,Lamar Cardinals,156.0,12.7,1.29,1169.0,16.5,4.52,75.5
95,2012,New Mexico State Aggies,152.7,10.4,1.27,1087.0,16.9,4.83,79.8
96,2012,Ohio Bobcats,133.9,10.1,1.13,1039.0,16.5,4.78,65.6
97,2012,Montana Grizzlies,138.4,13.8,1.42,1110.0,14.9,5.13,70.0
98,2012,Ohio State Buckeyes,166.4,14.5,1.47,1228.0,14.9,5.08,70.8
99,2012,West Virginia Mountaineers,128.1,9.8,0.82,1213.0,15.3,4.24,68.2
100,2012,Norfolk State Spartans,139.0,9.9,1.08,1093.0,14.2,4.69,70.9
101,2012,South Dakota State Jackrabbits,177.5,15.4,1.47,1403.0,16.0,5.49,80.0
102,2012,Creighton Bluejays,154.2,11.6,1.13,1308.0,16.0,5.53,72.4
103,2012,Marquette Golden Eagles,139.3,12.0,1.07,1324.0,18.2,4.7,79.5
104,2012,Murray State Racers,156.5,13.9,1.48,1196.0,19.2,5.12,78.6
105,2012,Mississippi Valley State Delta Devils,137.2,14.1,1.36,1283.0,16.0,4.54,80.5
106,2012,Temple Owls,160.6,11.7,1.0,1225.0,15.3,5.21,79.7
107,2012,UConn Huskies,133.3,8.6,0.77,1177.0,12.8,4.54,67.2
108,2012,Lehigh Mountain Hawks,150.8,10.8,1.3,966.0,14.1,5.0,71.7
109,2012,Belmont Bruins,189.0,16.1,1.74,1385.0,16.9,5.73,80.0
110,2012,Long Beach State 49ers,159.5,14.3,1.58,1172.0,16.4,5.35,76.6
111,2012,Kentucky Wildcats,162.6,15.6,1.42,1192.0,15.3,4.36,74.8
112,2012,Michigan State Spartans,153.3,14.6,1.37,1200.0,13.5,5.07,67.8
113,2012,Purdue Boilermakers,149.1,9.1,0.88,1186.0,13.3,4.86,70.1
114,2012,Wisconsin Badgers,439.0,11.3,4.97,1087.0,13.1,5.25,64.9
115,2012,Harvard Crimson,153.5,11.5,1.43,868.0,14.7,5.17,63.0
116,2012,Loyola (MD) Greyhounds,142.2,10.7,1.03,1176.0,16.2,4.61,67.7
117,2012,NC State Wolfpack,247.3,8.9,2.16,1116.0,15.0,5.36,72.8
118,2012,Florida State Seminoles,128.8,9.9,1.02,1049.0,12.4,4.74,66.3
119,2012,Gonzaga Bulldogs,156.2,12.4,1.44,1083.0,17.5,5.25,70.2
120,2012,UNC Tar Heels,149.8,12.7,1.28,1196.0,15.9,4.43,80.0
121,2012,Michigan Wolverines,137.5,11.2,1.18,1140.0,11.3,5.67,63.9
122,2012,Kansas Jayhawks,168.3,14.9,1.5,1316.0,14.9,5.31,73.6
123,2012,UNLV Rebels,153.9,8.9,1.18,997.0,13.1,5.09,71.6
124,2012,Georgetown Hoyas,132.5,11.6,1.11,1152.0,14.0,4.73,64.7
125,2012,Vermont Catamounts,161.3,12.7,1.5,1082.0,17.7,5.02,68.4
126,2012,Texas Longhorns,128.0,9.4,0.83,1255.0,18.6,4.58,70.2
127,2012,Vanderbilt Commodores,134.2,10.7,1.02,1114.0,15.4,4.96,70.4
128,2012,LIU-Brooklyn Blackbirds,153.6,12.1,1.15,1498.0,21.2,5.2,84.2
129,2012,Saint Mary's Gaels,167.6,13.1,1.41,1199.0,17.2,5.28,78.0
130,2012,VCU Rams,149.1,13.9,1.39,1196.0,14.3,4.49,67.4
131,2012,Iona Gaels,175.7,16.0,1.58,1442.0,13.4,5.28,81.0
132,2012,Notre Dame Fighting Irish,119.6,11.6,0.84,1142.0,12.2,4.36,63.9
133,2012,Missouri Tigers,122.3,12.9,0.91,1346.0,14.7,4.01,75.1
134,2012,Iowa State Cyclones,141.7,11.8,1.13,1281.0,13.0,4.81,72.1
135,2012,Virginia Cavaliers,119.6,10.2,1.08,949.0,10.3,4.73,63.6
136,2013,Colorado Buffaloes,204.0,10.1,1.84,1125.0,13.5,5.15,66.2
137,2013,Davidson Wildcats,181.3,18.3,1.88,1304.0,17.7,5.36,79.4
138,2013,New Mexico Lobos,139.2,11.5,1.21,1069.0,15.9,4.77,69.7
139,2013,Liberty Flames,134.9,7.9,0.84,1145.0,17.1,4.73,71.6
140,2013,Ole Miss Rebels,144.8,10.9,1.02,1350.0,17.7,4.71,77.3
141,2013,Florida Gators,192.9,18.4,2.05,1253.0,9.0,5.93,74.6
142,2013,Cincinnati Bearcats,115.7,8.5,0.81,1042.0,14.4,4.33,59.8
143,2013,Western Kentucky Hilltoppers,147.8,10.5,1.05,1277.0,15.7,5.05,71.9
144,2013,UCLA Bruins,100.9,10.1,0.84,1272.0,13.7,4.07,72.6
145,2013,Kansas State Wildcats,159.5,11.7,1.2,1221.0,11.3,4.98,69.0
146,2013,Memphis Tigers,174.8,13.8,1.68,1181.0,16.0,5.7,77.6
147,2013,Syracuse Orange,129.4,11.4,0.94,1178.0,14.1,4.3,70.4
148,2013,Duke Blue Devils,171.0,14.3,1.5,1386.0,18.0,5.23,91.7
149,2013,Saint Louis Billikens,148.2,12.8,1.37,1137.0,16.4,4.87,72.0
150,2013,Pacific Tigers,146.0,11.2,1.2,1134.0,14.2,4.96,64.1
151,2013,Wichita State Shockers,153.6,12.1,1.23,1204.0,13.3,4.76,70.6
152,2013,California Golden Bears,122.9,9.6,0.83,1165.0,11.4,4.54,66.3
153,2013,Louisville Cardinals,155.9,15.6,1.48,1256.0,16.1,4.88,71.2
154,2013,Indiana Hoosiers,146.1,14.3,1.27,1320.0,17.9,4.9,74.1
155,2013,Oklahoma State Cowboys,153.8,12.4,1.33,1296.0,18.6,4.98,76.1
156,2013,Pitt Panthers,148.7,12.4,1.31,1093.0,13.1,4.83,62.3
157,2013,Colorado State Rams,110.4,11.5,0.72,1148.0,18.1,4.66,72.7
158,2013,Minnesota Golden Gophers,136.6,8.7,0.84,1092.0,13.2,4.61,62.1
159,2013,Iona Gaels,155.5,11.3,1.05,1413.0,16.5,4.99,85.8
160,2013,San Diego State Aztecs,141.0,9.7,1.05,1073.0,12.7,4.86,70.8
161,2013,Akron Zips,160.4,11.6,1.4,1044.0,11.8,4.82,67.5
162,2013,Northwestern State Demons,177.6,13.1,1.49,1349.0,16.7,4.93,79.6
163,2013,Oklahoma Sooners,146.0,11.8,1.04,1378.0,17.3,4.78,75.1
164,2013,New Mexico State Aggies,143.0,11.8,1.07,1247.0,17.4,4.74,75.0
165,2013,Montana Grizzlies,152.4,14.8,1.26,1392.0,18.5,5.36,76.4
166,2013,Ohio State Buckeyes,148.3,11.3,1.08,1154.0,12.2,4.67,65.6
167,2013,Boise State Broncos,127.9,8.4,0.86,1091.0,13.7,4.86,73.3
168,2013,Illinois Fighting Illini,119.3,8.0,0.72,1153.0,12.1,4.4,65.2
169,2013,Arizona Wildcats,138.2,11.4,1.09,1256.0,14.8,4.71,71.6
170,2013,Miami (FL) Hurricanes,146.0,13.3,1.26,1228.0,11.5,4.78,69.8
171,2013,South Dakota State Jackrabbits,167.1,13.9,1.52,1201.0,15.8,5.13,86.7
172,2013,Creighton Bluejays,177.6,14.1,1.47,1311.0,12.1,5.59,74.7
173,2013,Marquette Golden Eagles,158.3,11.4,1.19,1190.0,16.7,5.01,67.7
174,2013,Temple Owls,144.4,9.3,0.94,1158.0,14.2,4.61,75.3
175,2013,Villanova Wildcats,114.8,10.8,0.9,1196.0,18.8,4.61,66.8
176,2013,Belmont Bruins,179.7,14.5,1.69,1223.0,14.0,6.22,77.8
177,2013,Michigan State Spartans,146.0,12.0,1.13,1199.0,13.8,4.99,68.6
178,2013,Oregon Ducks,129.8,9.4,0.9,1175.0,15.6,4.48,69.9
179,2013,Wisconsin Badgers,184.3,12.1,1.53,1077.0,10.4,4.96,62.0
180,2013,Harvard Crimson,148.3,9.3,1.07,969.0,18.3,4.82,69.2
181,2013,Albany (NY) Great Danes,129.2,9.3,1.07,978.0,14.0,4.87,62.5
182,2013,NC State Wolfpack,134.8,10.8,0.82,1351.0,16.5,4.7,77.6
183,2013,Florida Gulf Coast Eagles,144.6,12.3,1.14,1315.0,13.1,4.92,73.4
184,2013,Gonzaga Bulldogs,195.6,16.6,1.94,1164.0,15.1,5.41,74.6
185,2013,UNC Tar Heels,147.6,10.4,1.09,1222.0,12.2,4.78,71.8
186,2013,Butler Bulldogs,129.6,9.6,0.97,1099.0,14.3,4.93,67.6
187,2013,Michigan Wolverines,159.7,12.1,1.18,1244.0,11.0,5.01,69.8
188,2013,North Carolina A&T Aggies,108.1,9.4,1.07,891.0,12.0,4.28,59.4
189,2013,Kansas Jayhawks,135.3,14.0,1.14,1276.0,16.8,4.69,71.8
190,2013,James Madison Dukes,133.8,9.4,0.88,1097.0,14.1,4.31,65.5
191,2013,UNLV Rebels,138.2,8.9,1.06,1017.0,12.1,4.63,64.6
192,2013,Georgetown Hoyas,120.9,13.2,1.12,1144.0,14.8,4.74,72.4
193,2013,Southern Jaguars,144.4,16.0,1.52,1244.0,16.4,4.8,71.1
194,2013,LIU-Brooklyn Blackbirds,159.8,10.7,1.09,1382.0,17.7,5.35,82.5
195,2013,Saint Mary's Gaels,161.2,13.5,1.46,1123.0,14.4,5.07,71.7
196,2013,VCU Rams,166.8,11.5,1.25,1212.0,14.6,4.92,76.4
197,2013,Valparaiso Crusaders,158.8,12.0,1.3,1174.0,15.2,5.31,75.0
198,2013,La Salle Explorers,143.4,10.4,0.96,1134.0,13.5,4.57,73.3
199,2013,Notre Dame Fighting Irish,140.0,10.2,0.91,1199.0,12.9,4.8,74.1
200,2013,Missouri Tigers,153.6,12.9,1.22,1344.0,17.4,4.89,81.3
201,2013,Bucknell Bison,162.1,11.3,1.56,869.0,11.8,4.65,64.3
202,2013,Middle Tennessee Blue Raiders,161.9,18.2,1.77,1332.0,14.1,5.23,68.5
203,2013,Iowa State Cyclones,140.4,11.7,0.99,1403.0,16.3,4.96,80.2
204,2014,UMass Minutemen,126.2,8.9,0.89,1136.0,15.0,4.68,73.8
205,2014,Colorado Buffaloes,134.7,8.4,0.91,1144.0,21.8,4.9,77.1
206,2014,American Eagles,163.9,12.8,1.44,1146.0,12.9,5.92,67.5
207,2014,New Mexico Lobos,138.8,13.7,1.2,1277.0,15.2,5.0,74.2
208,2014,Cal Poly Mustangs,130.6,6.1,0.71,874.0,12.7,4.57,61.6
209,2014,Florida Gators,159.0,15.8,1.54,1247.0,15.8,4.97,73.6
210,2014,Cincinnati Bearcats,143.3,12.8,1.25,1167.0,15.5,4.81,66.6
211,2014,BYU Cougars,148.7,11.9,1.1,1427.0,20.9,5.28,82.3
212,2014,UCLA Bruins,161.0,12.2,1.2,1405.0,17.4,5.07,81.8
213,2014,Providence Friars,115.8,9.6,0.67,1318.0,18.7,4.48,74.1
214,2014,Kansas State Wildcats,132.2,8.8,0.91,1168.0,14.3,4.86,68.8
215,2014,Memphis Tigers,147.1,11.1,1.06,1323.0,13.7,4.99,75.6
216,2014,Syracuse Orange,157.6,12.0,1.18,1117.0,13.1,4.6,65.4
217,2014,Xavier Musketeers,129.7,9.1,0.81,1255.0,16.4,4.78,72.1
218,2014,Duke Blue Devils,159.8,13.8,1.32,1319.0,15.7,4.99,75.3
219,2014,North Carolina Central Eagles,152.6,15.5,1.62,1131.0,18.3,4.99,68.7
220,2014,Saint Louis Billikens,116.2,9.8,1.01,1077.0,15.8,4.79,68.4
221,2014,Wichita State Shockers,160.5,16.9,1.58,1279.0,18.1,4.94,72.7
222,2014,Baylor Bears,141.5,9.5,0.88,1278.0,15.2,4.65,73.0
223,2014,Louisville Cardinals,165.7,16.8,1.64,1396.0,15.2,5.12,79.8
224,2014,Dayton Flyers,137.8,7.8,0.99,992.0,14.8,5.11,66.4
225,2014,Pitt Panthers,164.6,11.1,1.27,1205.0,20.4,5.29,75.7
226,2014,Oklahoma State Cowboys,130.8,11.1,0.96,1333.0,21.1,4.89,80.1
227,2014,San Diego State Aztecs,260.9,12.7,2.73,1179.0,16.7,5.52,72.3
228,2014,Wofford Terriers,136.4,10.9,1.13,1071.0,12.7,4.81,68.5
229,2014,North Dakota State Bison,159.4,11.1,1.25,1017.0,15.0,5.2,73.7
230,2014,Iowa Hawkeyes,162.8,11.0,1.12,1355.0,18.7,5.02,77.2
231,2014,Oklahoma Sooners,144.5,10.8,1.02,1397.0,17.1,5.07,78.8
232,2014,New Mexico State Aggies,162.0,12.9,1.39,1225.0,21.2,5.24,83.7
233,2014,Texas Southern Tigers,137.9,11.9,1.07,1336.0,19.7,5.21,79.0
234,2014,Ohio State Buckeyes,120.9,10.4,0.88,1181.0,15.7,4.69,66.9
235,2014,Arizona Wildcats,135.9,14.3,1.35,1245.0,16.9,4.61,76.0
236,2014,Tulsa Golden Hurricane,149.9,12.5,1.44,1110.0,19.3,4.86,80.1
237,2014,Stephen F. Austin Lumberjacks,161.9,16.5,1.58,1326.0,15.5,5.04,75.2
238,2014,Creighton Bluejays,151.5,12.6,1.21,1337.0,14.2,5.37,79.4
239,2014,Tennessee Volunteers,137.5,13.4,1.21,1218.0,15.1,4.51,70.1
240,2014,Villanova Wildcats,147.0,14.0,1.25,1364.0,16.2,5.12,76.8
241,2014,Coastal Carolina Chanticleers,121.7,8.8,0.88,1121.0,15.9,4.7,71.8
242,2014,Arizona State Sun Devils,117.8,9.5,0.88,1248.0,18.0,4.83,72.1
243,2014,UConn Huskies,160.2,12.5,1.4,1194.0,17.0,5.26,70.6
244,2014,Delaware Fightin' Blue Hens,146.9,10.2,1.13,1221.0,23.8,4.85,90.6
245,2014,Kentucky Wildcats,143.1,11.7,1.11,1281.0,19.0,4.65,72.8
246,2014,Michigan State Spartans,163.4,11.8,1.23,1221.0,14.3,5.38,80.2
247,2014,Oregon Ducks,144.3,10.3,0.99,1322.0,17.7,4.89,75.8
248,2014,Nebraska Cornhuskers,121.5,8.7,0.82,1104.0,16.4,4.59,70.1
249,2014,Wisconsin Badgers,160.2,11.6,1.23,1273.0,17.9,5.46,71.9
250,2014,Harvard Crimson,154.1,12.6,1.53,976.0,17.2,5.25,73.1
251,2014,Stanford Cardinal,116.2,9.9,0.87,1260.0,17.6,4.53,70.7
252,2014,Albany (NY) Great Danes,131.6,8.6,1.02,986.0,16.1,4.83,67.3
253,2014,NC State Wolfpack,121.7,6.8,0.61,1203.0,14.8,4.57,69.8
254,2014,Mercer Bears,169.5,13.7,1.54,1211.0,12.4,5.34,70.2
255,2014,Western Michigan Broncos,116.9,10.8,0.88,1257.0,18.4,5.01,71.0
256,2014,Louisiana Ragin' Cajuns,152.7,11.2,1.16,1340.0,18.9,5.0,81.6
257,2014,Gonzaga Bulldogs,161.4,14.0,1.43,1264.0,16.5,5.17,77.0
258,2014,George Washington Colonials,131.9,10.2,1.08,1106.0,18.9,4.8,79.6
259,2014,UNC Tar Heels,182.0,10.8,1.5,1250.0,13.6,5.37,72.7
260,2014,Weber State Wildcats,136.3,13.8,1.1,1444.0,19.6,5.55,74.2
261,2014,Manhattan Jaspers,151.9,13.7,1.28,1445.0,19.6,5.07,77.4
262,2014,Michigan Wolverines,154.5,12.5,1.2,1294.0,15.0,5.41,73.4
263,2014,Milwaukee Panthers,125.7,5.1,0.7,994.0,17.1,4.76,69.6
264,2014,Kansas Jayhawks,175.4,13.3,1.42,1386.0,19.2,5.52,81.0
265,2014,Texas Longhorns,144.9,9.2,0.95,1228.0,17.4,4.58,71.5
266,2014,Mount St. Mary's Mountaineers,125.7,9.1,0.78,1234.0,15.9,4.59,78.5
267,2014,VCU Rams,138.3,11.3,1.26,1143.0,14.9,4.58,72.8
268,2014,Eastern Kentucky Colonels,144.5,10.5,1.06,1244.0,18.3,5.84,79.0
269,2014,Iowa State Cyclones,102.7,9.6,0.57,1403.0,15.4,4.27,79.1
270,2014,St. Joseph's Hawks,129.7,9.2,0.92,1102.0,15.1,5.47,74.3
271,2014,Virginia Cavaliers,149.8,16.1,1.5,1178.0,13.9,4.88,67.1
272,2015,Davidson Wildcats,167.3,14.6,1.45,1333.0,13.5,5.45,83.0
273,2015,Hampton Pirates,124.4,8.4,1.02,978.0,15.5,4.49,68.7
274,2015,Robert Morris Colonials,150.5,12.3,1.21,1244.0,14.3,5.1,76.4
275,2015,Utah Utes,158.1,15.5,1.55,1144.0,13.2,5.3,64.9
276,2015,Ole Miss Rebels,149.5,10.2,1.03,1260.0,16.5,4.79,72.2
277,2015,Cincinnati Bearcats,153.2,13.7,1.31,1095.0,12.4,4.91,62.7
278,2015,St. John's (NY) Red Storm,126.8,8.2,0.56,1249.0,14.4,4.6,73.9
279,2015,BYU Cougars,180.6,13.1,1.5,1329.0,19.6,5.43,81.4
280,2015,Northern Iowa Panthers,156.7,15.2,1.48,1094.0,10.7,5.41,61.9
281,2015,UCLA Bruins,110.3,10.2,0.7,1213.0,13.3,4.03,69.7
282,2015,Providence Friars,129.6,9.5,0.82,1242.0,17.6,4.64,70.7
283,2015,Xavier Musketeers,138.4,9.9,0.94,1229.0,16.0,4.98,70.4
284,2015,UC-Irvine Anteaters,152.3,8.9,1.12,929.0,9.8,4.88,65.2
285,2015,Duke Blue Devils,166.5,14.2,1.34,1403.0,16.0,5.26,85.7
286,2015,LSU Fighting Tigers,127.7,10.7,0.93,1289.0,13.9,4.62,75.5
287,2015,Wichita State Shockers,165.9,16.2,1.65,1116.0,13.5,4.93,63.5
288,2015,Baylor Bears,143.0,11.7,1.09,1206.0,14.1,4.84,68.7
289,2015,Louisville Cardinals,132.7,10.7,0.98,1129.0,13.2,4.61,67.9
290,2015,Dayton Flyers,109.2,13.5,1.06,1228.0,14.9,4.09,68.9
291,2015,Oklahoma State Cowboys,130.8,8.8,0.87,1094.0,13.3,4.81,62.9
292,2015,Indiana Hoosiers,238.5,8.7,1.88,1194.0,11.4,5.73,75.4
293,2015,Maryland Terrapins,121.3,9.6,0.9,1157.0,16.0,4.72,64.6
294,2015,San Diego State Aztecs,139.4,12.7,1.29,1060.0,10.0,4.55,60.5
295,2015,Wofford Terriers,154.5,13.6,1.38,1165.0,14.4,5.07,67.8
296,2015,North Dakota State Bison,209.6,9.8,1.5,1047.0,13.2,5.33,67.2
297,2015,Iowa Hawkeyes,163.3,11.8,1.14,1184.0,16.0,5.06,71.5
298,2015,Oklahoma Sooners,127.2,11.7,0.99,1265.0,15.1,4.5,71.7
299,2015,New Mexico State Aggies,141.7,13.0,1.49,914.0,17.4,4.73,70.3
300,2015,Texas Southern Tigers,151.0,12.9,1.36,1186.0,19.5,5.12,76.5
301,2015,Ohio State Buckeyes,156.6,11.1,1.15,1199.0,12.7,4.88,70.7
302,2015,Boise State Broncos,154.8,14.6,1.4,1168.0,11.7,4.92,69.8
303,2015,Arizona Wildcats,165.3,17.9,1.78,1344.0,18.5,5.18,77.2
304,2015,Lafayette Leopards,139.0,8.4,0.66,1175.0,11.9,4.72,68.1
305,2015,West Virginia Mountaineers,126.0,8.0,0.86,1105.0,16.9,4.41,67.2
306,2015,Stephen F. Austin Lumberjacks,186.8,16.8,1.77,1406.0,17.6,5.48,80.1
307,2015,Buffalo Bulls,139.5,11.5,0.86,1341.0,17.8,4.53,76.7
308,2015,Arkansas Razorbacks,145.3,10.5,0.98,1304.0,15.8,4.74,73.9
309,2015,North Florida Ospreys,161.0,12.2,1.38,1097.0,17.8,5.41,80.1
310,2015,Villanova Wildcats,164.4,15.7,1.45,1362.0,17.6,5.31,76.7
311,2015,Coastal Carolina Chanticleers,162.6,11.7,1.17,1266.0,16.4,4.82,73.1
312,2015,Belmont Bruins,158.8,9.1,1.08,1100.0,11.8,5.26,72.3
313,2015,Kentucky Wildcats,178.9,17.6,1.8,1290.0,18.5,5.12,74.2
314,2015,Michigan State Spartans,142.2,11.6,1.09,1194.0,11.5,4.9,68.2
315,2015,Purdue Boilermakers,130.4,10.2,0.94,1159.0,15.0,4.74,66.4
316,2015,Oregon Ducks,142.3,10.1,0.9,1287.0,13.1,5.0,74.0
317,2015,Wisconsin Badgers,172.3,16.1,1.51,1233.0,16.9,5.48,79.4
318,2015,Harvard Crimson,146.5,10.6,1.22,934.0,14.4,4.78,64.9
319,2015,Alabama-Birmingham Blazers,153.2,11.9,1.18,1244.0,16.6,4.93,71.7
320,2015,Northeastern Huskies,141.0,11.2,1.04,1254.0,17.0,5.4,71.8
321,2015,Albany (NY) Great Danes,141.9,13.2,1.41,1038.0,17.3,5.08,73.2
322,2015,NC State Wolfpack,143.4,10.2,0.98,1202.0,11.5,4.57,70.6
323,2015,Georgia State Panthers,164.7,16.4,1.43,1405.0,16.8,5.08,77.1
324,2015,Wyoming Cowboys,110.2,9.2,0.71,1045.0,14.1,4.33,63.7
325,2015,Gonzaga Bulldogs,167.9,16.9,1.6,1309.0,14.0,5.28,75.1
326,2015,Eastern Washington Eagles,178.2,11.4,1.22,1395.0,17.2,5.24,87.1
327,2015,UNC Tar Heels,150.4,11.5,1.07,1309.0,13.2,4.8,75.5
328,2015,Butler Bulldogs,162.3,11.6,1.35,1264.0,16.3,5.15,71.3
329,2015,Manhattan Jaspers,126.7,11.4,0.93,1341.0,18.4,4.73,72.3
330,2015,Kansas Jayhawks,153.6,12.1,1.26,1249.0,16.5,5.0,73.2
331,2015,Georgetown Hoyas,143.4,11.5,1.04,1272.0,16.6,4.82,68.7
332,2015,SMU Mustangs,169.5,14.6,1.46,1206.0,16.2,4.98,74.3
333,2015,Texas Longhorns,138.5,9.0,0.91,1144.0,14.0,4.73,66.1
334,2015,Georgia Bulldogs,128.0,9.9,0.97,1148.0,17.4,4.84,68.8
335,2015,VCU Rams,151.8,10.6,1.17,1129.0,16.7,4.56,72.9
336,2015,Valparaiso Crusaders,139.4,11.4,1.2,1066.0,14.2,5.0,73.5
337,2015,Notre Dame Fighting Irish,182.1,11.7,1.15,1294.0,14.6,5.18,75.9
338,2015,Iowa State Cyclones,140.7,11.1,0.83,1372.0,14.7,4.87,77.8
339,2015,Virginia Cavaliers,151.9,14.7,1.45,1073.0,12.5,4.6,66.2
340,2016,Colorado Buffaloes,120.5,8.3,0.78,1246.0,17.2,4.45,72.7
341,2016,Hampton Pirates,111.0,9.4,0.97,1161.0,18.4,4.43,75.8
342,2016,Texas Tech Red Raiders,141.7,7.9,0.7,1186.0,17.6,4.95,72.9
343,2016,Utah Utes,192.5,12.5,1.53,1260.0,13.6,5.21,74.9
344,2016,Stony Brook Seawolves,145.5,14.1,1.48,1181.0,12.8,4.82,76.6
345,2016,Cal State Bakersfield Roadrunners,150.6,11.3,1.4,1018.0,16.4,4.75,75.4
346,2016,Fairleigh Dickinson Knights,149.6,9.8,1.01,1381.0,15.1,5.37,80.4
347,2016,Cincinnati Bearcats,143.0,12.5,1.19,1193.0,12.0,4.48,69.6
348,2016,Seton Hall Pirates,116.7,11.3,0.96,1330.0,16.3,4.5,74.4
349,2016,UNC Asheville Bulldogs,139.1,12.0,1.1,1308.0,18.8,4.96,78.3
350,2016,Providence Friars,113.5,9.3,0.85,1288.0,18.8,4.39,74.3
351,2016,Northern Iowa Panthers,127.7,12.1,1.07,1150.0,12.2,5.39,70.8
352,2016,Syracuse Orange,104.3,10.2,0.74,1217.0,12.9,3.63,68.4
353,2016,Xavier Musketeers,153.3,10.8,1.14,1364.0,18.5,5.14,79.6
354,2016,Duke Blue Devils,16.7,10.8,-0.43,1348.0,15.4,3.89,76.2
355,2016,Chattanooga Mocs,163.0,12.9,1.32,1309.0,19.5,5.11,75.6
356,2016,Holy Cross Crusaders,147.2,5.0,0.66,1073.0,13.5,4.57,63.7
357,2016,Wichita State Shockers,170.1,17.1,1.83,1242.0,14.4,4.99,70.4
358,2016,Baylor Bears,154.1,9.4,0.89,1313.0,16.6,4.97,75.1
359,2016,Yale Bulldogs,170.5,12.0,1.67,1017.0,16.9,5.46,81.3
360,2016,Dayton Flyers,133.6,12.0,1.12,1241.0,15.4,4.86,76.2
361,2016,Pitt Panthers,141.4,8.7,0.94,1176.0,13.2,4.77,68.1
362,2016,Indiana Hoosiers,168.1,13.6,1.42,1368.0,12.9,5.42,78.3
363,2016,Maryland Terrapins,157.6,11.1,1.15,1253.0,14.6,5.12,73.6
364,2016,Hawaii Rainbow Warriors,137.7,11.1,1.22,1172.0,20.2,4.96,81.4
365,2016,California Golden Bears,130.1,11.6,1.08,1294.0,16.7,4.9,77.1
366,2016,Little Rock Trojans,150.4,14.8,1.29,1373.0,12.0,4.95,69.8
367,2016,Iowa Hawkeyes,156.2,12.2,1.17,1329.0,17.1,4.86,76.1
368,2016,Oklahoma Sooners,138.1,11.6,1.02,1369.0,13.6,4.88,77.4
369,2016,Green Bay Phoenix,147.2,9.3,0.87,1484.0,16.4,4.76,84.1
370,2016,Oregon State Beavers,130.1,7.8,0.74,1202.0,13.6,4.55,71.0
371,2016,Arizona Wildcats,167.7,13.8,1.39,1426.0,19.2,5.51,86.9
372,2016,Tulsa Golden Hurricane,132.0,10.8,0.96,1285.0,14.6,4.66,75.0
373,2016,West Virginia Mountaineers,144.4,11.5,1.17,1297.0,19.0,4.74,76.4
374,2016,Stephen F. Austin Lumberjacks,172.5,19.5,1.94,1398.0,13.9,5.47,79.1
375,2016,Miami (FL) Hurricanes,147.4,10.6,1.0,1219.0,14.7,4.73,71.0
376,2016,Buffalo Bulls,138.5,9.6,0.96,1360.0,19.3,4.97,81.1
377,2016,South Dakota State Jackrabbits,148.8,10.7,1.22,1194.0,17.5,5.02,79.3
378,2016,Fresno State Bulldogs,140.9,10.0,0.98,1279.0,17.1,4.82,82.7
379,2016,USC Trojans,145.9,8.7,0.89,1380.0,15.7,4.9,79.4
380,2016,Temple Owls,130.5,9.9,0.92,1181.0,10.2,4.44,69.5
381,2016,Villanova Wildcats,160.9,14.8,1.46,1383.0,17.4,6.32,79.6
382,2016,UNC Wilmington Seahawks,148.2,11.2,1.13,1289.0,15.0,4.99,73.6
383,2016,UConn Huskies,141.7,12.0,1.24,1161.0,12.5,4.91,68.0
384,2016,Kentucky Wildcats,159.7,14.6,1.38,1369.0,15.0,5.1,83.1
385,2016,Michigan State Spartans,179.5,14.5,1.61,1274.0,10.6,5.43,78.7
386,2016,Purdue Boilermakers,157.8,11.0,1.16,1288.0,14.2,5.12,73.7
387,2016,Oregon Ducks,149.9,12.1,1.06,1371.0,16.2,5.04,79.9
388,2016,Wisconsin Badgers,132.4,11.3,0.98,1207.0,14.3,4.81,68.4
389,2016,Florida Gulf Coast Eagles,149.9,8.3,1.05,1014.0,14.8,5.03,77.0
390,2016,Texas A&M Aggies,148.3,12.0,1.16,1299.0,15.5,4.77,74.9
391,2016,Gonzaga Bulldogs,170.5,16.0,1.6,1443.0,17.2,5.52,82.6
392,2016,UNC Tar Heels,163.8,12.8,1.26,1389.0,15.1,4.81,80.6
393,2016,Weber State Wildcats,129.7,12.5,1.18,1283.0,16.6,4.92,74.2
394,2016,Butler Bulldogs,133.4,10.3,0.94,1335.0,17.9,4.83,76.9
395,2016,Austin Peay Governors,135.6,7.6,0.83,1125.0,18.5,5.03,74.4
396,2016,Michigan Wolverines,159.0,8.9,1.04,1228.0,12.6,5.32,79.8
397,2016,Southern Jaguars,138.7,10.2,0.99,1252.0,15.4,4.82,73.1
398,2016,Kansas Jayhawks,157.1,12.5,1.29,1325.0,14.1,5.39,75.4
399,2016,Vanderbilt Commodores,136.1,11.1,1.0,1303.0,16.6,4.98,75.9
400,2016,Texas Longhorns,131.6,9.0,0.88,1187.0,14.5,4.8,66.5
401,2016,VCU Rams,161.5,13.9,1.4,1350.0,13.4,4.96,77.7
402,2016,Middle Tennessee Blue Raiders,136.2,10.2,1.02,1219.0,11.3,4.78,72.2
403,2016,Iona Gaels,163.9,14.7,1.33,1602.0,14.8,5.12,87.3
404,2016,Notre Dame Fighting Irish,186.8,10.3,1.24,1305.0,15.1,5.44,76.8
405,2016,Iowa State Cyclones,130.5,10.6,0.79,1438.0,12.3,5.0,83.1
406,2016,St. Joseph's Hawks,145.7,12.9,1.25,1383.0,15.7,4.86,79.0
407,2016,Virginia Cavaliers,142.9,12.8,1.17,1174.0,12.9,4.92,66.7
408,2017,Princeton Tigers,147.7,12.3,1.52,930.0,9.4,5.05,68.3
409,2017,Florida Gators,151.6,13.4,1.38,1339.0,16.9,5.02,78.8
410,2017,Cincinnati Bearcats,155.9,15.4,1.54,1204.0,12.1,4.77,69.1
411,2017,Northern Kentucky Norse,134.5,10.1,0.92,1329.0,14.5,4.9,75.9
412,2017,Seton Hall Pirates,122.6,8.5,0.78,1261.0,13.4,4.64,72.6
413,2017,UCLA Bruins,226.6,14.2,1.69,1567.0,12.1,5.75,90.9
414,2017,Providence Friars,122.7,8.5,0.75,1250.0,15.3,4.78,71.0
415,2017,Kansas State Wildcats,142.0,7.6,0.83,1238.0,16.4,5.18,72.9
416,2017,Kent State Golden Flashes,122.5,9.0,0.79,1315.0,15.4,4.53,76.4
417,2017,Xavier Musketeers,155.2,8.2,0.91,1311.0,19.8,5.05,83.5
418,2017,Winthrop Eagles,153.6,13.8,1.33,1353.0,13.9,5.19,76.3
419,2017,Duke Blue Devils,155.4,11.1,1.1,1393.0,16.7,6.01,81.5
420,2017,North Carolina Central Eagles,134.8,13.1,1.27,1177.0,14.7,4.92,74.9
421,2017,Wichita State Shockers,188.1,16.9,1.86,1342.0,14.7,5.45,76.4
422,2017,Baylor Bears,129.7,10.2,1.01,1185.0,12.6,4.73,70.6
423,2017,Louisville Cardinals,158.1,12.3,1.24,1281.0,13.8,4.96,77.4
424,2017,Dayton Flyers,167.5,13.4,1.45,1261.0,19.5,5.34,80.5
425,2017,Oklahoma State Cowboys,146.7,9.6,0.86,1388.0,16.9,5.41,80.4
426,2017,New Orleans Privateers,150.8,12.7,1.31,1284.0,17.7,5.2,73.5
427,2017,Maryland Terrapins,141.0,10.2,1.05,1253.0,12.3,5.19,70.7
428,2017,Minnesota Golden Gophers,150.9,10.6,0.96,1315.0,16.0,4.67,76.4
429,2017,New Mexico State Aggies,164.0,10.4,1.43,1075.0,16.6,5.06,80.8
430,2017,Texas Southern Tigers,150.1,15.1,1.4,1393.0,22.4,4.9,79.5
431,2017,Arizona Wildcats,152.7,13.8,1.31,1346.0,18.7,5.07,83.7
432,2017,West Virginia Mountaineers,153.3,11.7,1.2,1294.0,16.4,5.0,75.2
433,2017,Miami (FL) Hurricanes,122.2,9.1,0.73,1195.0,13.5,4.55,69.6
434,2017,South Dakota State Jackrabbits,156.1,8.7,0.98,1254.0,17.8,5.5,91.4
435,2017,ETSU Buccaneers,159.1,13.8,1.36,1388.0,17.4,5.39,78.9
436,2017,Creighton Bluejays,150.1,9.9,1.04,1309.0,11.8,5.43,86.6
437,2017,Marquette Golden Eagles,161.2,10.5,1.04,1425.0,13.8,5.41,81.8
438,2017,Arkansas Razorbacks,153.4,10.1,1.0,1381.0,17.2,5.15,77.6
439,2017,USC Trojans,146.5,8.9,0.89,1333.0,18.2,5.12,84.3
440,2017,Villanova Wildcats,119.7,15.0,1.05,1370.0,15.2,4.66,77.8
441,2017,UNC Wilmington Seahawks,161.6,12.9,1.28,1443.0,12.6,5.13,81.6
442,2017,Virginia Cavaliers,138.4,12.2,1.2,1117.0,9.8,4.8,63.1
443,2017,Nevada Wolf Pack,142.3,13.3,1.25,1439.0,16.4,5.26,82.5
444,2017,Michigan State Spartans,135.7,9.4,0.95,1216.0,12.4,5.0,72.4
445,2017,Purdue Boilermakers,152.7,13.1,1.28,1375.0,15.5,5.66,77.8
446,2017,Oregon Ducks,174.6,15.6,1.54,1398.0,12.6,5.36,80.6
447,2017,Wisconsin Badgers,127.5,11.0,0.99,1181.0,12.5,4.48,68.1
448,2017,Kentucky Wildcats,153.0,13.9,1.38,1471.0,18.8,5.07,85.2
449,2017,North Dakota Fighting Hawks,135.2,11.9,1.06,1417.0,16.4,5.14,81.9
450,2017,Rhode Island Rams,151.8,12.0,1.33,1227.0,15.6,4.8,73.8
451,2017,Florida Gulf Coast Eagles,152.1,9.8,1.19,1050.0,15.5,5.08,77.7
452,2017,Florida State Seminoles,173.6,10.6,1.27,1242.0,14.0,5.04,69.7
453,2017,Virginia Tech Hokies,121.8,7.5,0.63,1352.0,17.2,4.83,80.6
454,2017,Gonzaga Bulldogs,204.5,20.1,2.19,1450.0,16.8,5.69,85.3
455,2017,Northwestern Wildcats,130.6,9.6,0.96,1195.0,13.6,4.74,71.9
456,2017,UC-Davis Aggies,109.4,8.8,0.9,1066.0,16.4,4.63,69.0
457,2017,UNC Tar Heels,173.1,13.0,1.36,1387.0,13.3,4.89,84.5
458,2017,Jacksonville State Gamecocks,127.4,8.4,0.92,1049.0,15.3,4.83,69.4
459,2017,Butler Bulldogs,154.0,11.3,1.12,1333.0,15.4,5.3,75.2
460,2017,South Carolina Gamecocks,113.4,10.9,1.0,1274.0,18.4,4.35,73.0
461,2017,Michigan Wolverines,147.5,12.0,1.04,1319.0,12.0,5.3,74.6
462,2017,Kansas Jayhawks,271.0,11.6,2.43,1434.0,18.1,5.63,83.6
463,2017,SMU Mustangs,157.9,18.1,1.52,1352.0,14.0,4.75,77.3
464,2017,Troy Trojans,154.4,9.8,1.06,1340.0,18.6,5.11,76.6
465,2017,Vermont Catamounts,180.3,13.7,1.62,1146.0,12.6,5.43,74.4
466,2017,Vanderbilt Commodores,122.7,10.4,0.89,1275.0,14.1,5.04,72.3
467,2017,Mount St. Mary's Mountaineers,131.3,11.9,1.12,1217.0,12.9,4.95,70.0
468,2017,Saint Mary's Gaels,170.8,16.9,1.73,1205.0,11.0,5.37,68.7
469,2017,VCU Rams,138.9,12.7,1.2,1317.0,15.5,4.72,74.7
470,2017,Middle Tennessee Blue Raiders,164.6,15.4,1.55,1277.0,10.5,5.07,72.4
471,2017,Iona Gaels,156.1,12.1,1.08,1626.0,15.6,5.45,85.3
472,2017,Notre Dame Fighting Irish,186.8,10.2,0.62,1310.0,13.3,5.03,75.9
473,2017,Bucknell Bison,156.0,14.4,1.47,1334.0,15.1,5.29,76.1
474,2017,Iowa State Cyclones,135.8,10.5,0.84,1395.0,12.9,5.12,79.3
475,2017,Wake Forest Demon Deacons,142.9,9.3,0.83,1432.0,18.5,5.12,81.9
476,2018,Davidson Wildcats,153.3,14.8,1.36,1323.0,10.7,5.43,74.4
477,2018,UNC Greensboro Spartans,154.3,13.4,1.4,1276.0,11.3,5.07,72.5
478,2018,Texas Tech Red Raiders,138.7,11.0,1.07,1226.0,16.9,5.0,72.9
479,2018,Alabama Crimson Tide,133.1,9.2,0.96,1187.0,15.7,4.84,71.2
480,2018,Radford Highlanders,147.8,11.9,1.19,1185.0,12.1,5.13,67.1
481,2018,Florida Gators,149.0,11.1,1.14,1231.0,12.6,4.72,70.1
482,2018,Cincinnati Bearcats,158.0,17.1,1.69,1211.0,13.6,4.8,69.3
483,2018,Clemson Tigers,158.8,10.2,1.21,1197.0,15.2,4.96,78.2
484,2018,Seton Hall Pirates,139.8,9.4,0.88,1363.0,15.0,4.96,80.2
485,2018,UCLA Bruins,174.9,11.6,1.28,1460.0,17.2,5.96,83.8
486,2018,Providence Friars,133.1,8.0,0.74,1270.0,16.8,4.77,75.5
487,2018,Kansas State Wildcats,112.4,8.7,0.64,1246.0,14.4,4.71,72.1
488,2018,St. Bonaventure Bonnies,153.9,12.0,1.19,1387.0,17.0,5.0,78.5
489,2018,Syracuse Orange,107.0,9.1,0.73,1156.0,16.3,4.59,66.3
490,2018,Duke Blue Devils,167.1,14.2,1.44,1389.0,15.4,5.31,84.3
491,2018,Xavier Musketeers,157.5,10.6,1.06,1467.0,18.1,5.24,83.6
492,2018,Penn Quakers,138.4,9.3,1.19,1019.0,14.1,4.97,75.7
493,2018,North Carolina Central Eagles,144.5,7.5,1.02,1012.0,11.4,4.9,71.5
494,2018,Wichita State Shockers,172.7,13.5,1.4,1357.0,13.5,5.23,78.9
495,2018,College of Charleston Cougars,135.2,11.9,0.91,1397.0,16.4,4.71,79.2
496,2018,San Diego State Aztecs,151.6,11.2,1.17,1322.0,12.8,5.1,79.1
497,2018,Oklahoma Sooners,131.5,8.1,0.76,1423.0,17.0,4.97,81.0
498,2018,New Mexico State Aggies,160.9,11.9,1.69,1014.0,11.0,5.06,74.3
499,2018,Texas Southern Tigers,141.2,11.0,1.03,1415.0,25.4,5.14,96.8
500,2018,Montana Grizzlies,156.0,14.9,1.45,1408.0,17.4,5.27,80.5
501,2018,Ohio State Buckeyes,158.6,13.5,1.35,1276.0,12.4,5.15,74.4
502,2018,Arizona Wildcats,145.6,12.4,1.14,1365.0,16.8,5.5,82.0
503,2018,Auburn Tigers,150.2,12.3,1.17,1453.0,20.7,5.01,85.2
504,2018,West Virginia Mountaineers,153.3,11.3,1.14,1343.0,14.9,4.99,80.1
505,2018,Stephen F. Austin Lumberjacks,152.0,13.3,1.45,1357.0,17.3,5.1,78.9
506,2018,Miami (FL) Hurricanes,146.6,8.8,0.9,1296.0,14.1,5.1,81.0
507,2018,Buffalo Bulls,152.7,14.0,1.28,1545.0,14.0,5.32,87.9
508,2018,Lipscomb Bisons,130.2,8.4,0.93,1149.0,18.6,4.9,84.5
509,2018,Creighton Bluejays,152.0,9.2,0.98,1339.0,12.3,5.36,87.2
510,2018,Wright State Raiders,131.4,12.1,1.1,1309.0,17.1,4.64,82.6
511,2018,Murray State Racers,158.1,15.5,1.44,1394.0,16.1,5.55,79.2
512,2018,Arkansas Razorbacks,136.7,8.3,0.78,1335.0,14.0,4.86,76.4
513,2018,South Dakota State Jackrabbits,161.0,10.5,1.28,1174.0,17.8,5.41,87.4
514,2018,Tennessee Volunteers,138.3,10.9,1.05,1252.0,15.9,5.06,71.2
515,2018,Villanova Wildcats,165.5,14.5,1.33,1562.0,14.5,5.75,95.4
516,2018,Arizona State Sun Devils,138.6,9.4,0.96,1380.0,17.0,4.94,77.9
517,2018,Loyola (IL) Ramblers,156.7,14.3,1.38,1243.0,11.9,5.44,74.1
518,2018,Nevada Wolf Pack,178.1,13.6,1.36,1510.0,19.1,5.46,90.9
519,2018,Kentucky Wildcats,135.3,9.7,0.95,1307.0,18.5,4.9,77.1
520,2018,Michigan State Spartans,164.1,13.7,1.4,1311.0,16.0,5.39,74.3
521,2018,Purdue Boilermakers,158.1,14.1,1.3,1355.0,13.8,5.24,77.9
522,2018,Georgia State Panthers,147.9,11.7,1.04,1370.0,12.6,5.08,77.1
523,2018,NC State Wolfpack,140.2,8.9,0.86,1361.0,12.8,4.94,79.6
524,2018,Rhode Island Rams,147.0,12.9,1.26,1334.0,13.4,4.92,76.2
525,2018,Marshall Thundering Herd,152.3,10.8,1.18,1410.0,15.1,5.24,87.6
526,2018,Florida State Seminoles,145.8,8.5,0.85,1392.0,17.1,5.0,82.2
527,2018,Texas A&M Aggies,123.2,7.6,0.72,1168.0,12.5,4.47,72.6
528,2018,Virginia Tech Hokies,132.2,7.9,0.77,1268.0,11.9,5.08,72.4
529,2018,Gonzaga Bulldogs,177.7,17.5,1.72,1420.0,12.2,5.34,80.1
530,2018,UNC Tar Heels,156.6,11.6,1.06,1406.0,11.1,4.96,79.6
531,2018,Butler Bulldogs,139.5,10.9,0.99,1425.0,13.2,5.09,80.9
532,2018,Michigan Wolverines,150.6,11.7,1.2,1234.0,11.3,5.26,70.9
533,2018,Kansas Jayhawks,154.5,9.7,0.96,1377.0,13.8,5.25,79.5
534,2018,Cal State Fullerton Titans,142.8,8.7,1.07,1133.0,16.4,5.14,73.2
535,2018,Houston Cougars,150.6,14.1,1.42,1290.0,11.1,5.03,73.5
536,2018,Texas Longhorns,143.2,7.6,0.88,1252.0,15.5,5.05,82.6
537,2018,LIU-Brooklyn Blackbirds,133.3,9.3,0.91,1397.0,16.2,5.28,78.9
538,2018,Iona Gaels,138.5,10.9,0.99,1461.0,14.7,5.12,85.7
539,2018,TCU Horned Frogs,152.1,10.3,0.97,1434.0,15.8,5.24,91.3
540,2018,Missouri Tigers,110.3,9.1,0.7,1238.0,15.9,4.68,70.5
541,2018,Bucknell Bison,142.3,14.7,1.44,1357.0,18.8,5.06,82.1
542,2018,UMBC Retrievers,123.8,9.1,0.93,1058.0,10.3,4.69,69.2
543,2018,Virginia Cavaliers,146.1,14.8,1.39,1129.0,9.0,4.81,65.9
544,2019,Texas Tech Red Raiders,156.8,13.7,1.4,1262.0,13.6,5.1,72.4
545,2019,Liberty Flames,145.4,12.6,1.35,1095.0,10.3,5.18,69.6
546,2019,Ole Miss Rebels,126.8,9.4,0.85,1296.0,15.0,4.86,74.0
547,2019,Fairleigh Dickinson Knights,136.5,11.1,0.93,1339.0,14.4,5.23,77.5
548,2019,Florida Gators,129.5,9.5,0.9,1151.0,12.8,4.8,65.5
549,2019,Cincinnati Bearcats,142.1,11.4,1.16,1201.0,15.7,4.39,68.5
550,2019,St. John's (NY) Red Storm,150.1,8.1,0.87,1310.0,13.4,4.72,79.3
551,2019,Northern Kentucky Norse,154.9,12.8,1.21,1404.0,14.2,5.24,79.8
552,2019,Seton Hall Pirates,130.5,8.7,0.82,1257.0,13.3,4.65,72.7
553,2019,Kansas State Wildcats,137.3,12.1,1.17,1141.0,13.1,4.89,70.5
554,2019,Prairie View Panthers,143.6,13.8,1.39,1355.0,18.6,5.14,77.7
555,2019,Syracuse Orange,155.2,9.0,1.14,1197.0,12.3,4.91,68.9
556,2019,UC-Irvine Anteaters,165.3,12.5,1.51,1095.0,10.5,4.9,72.5
557,2019,Duke Blue Devils,168.1,12.8,1.33,1393.0,16.7,4.98,87.9
558,2019,North Carolina Central Eagles,125.9,9.6,1.08,1079.0,14.2,4.74,70.4
559,2019,LSU Fighting Tigers,158.6,12.9,1.2,1473.0,20.4,4.91,87.8
560,2019,Saint Louis Billikens,44.2,9.4,-0.01,1194.0,13.8,3.9,68.1
561,2019,Baylor Bears,154.6,9.4,1.04,1239.0,17.1,4.88,90.8
562,2019,Louisville Cardinals,121.8,11.2,1.03,1271.0,12.6,4.68,72.1
563,2019,Gardner-Webb Runnin' Bulldogs,126.4,8.8,0.78,1230.0,14.0,4.95,73.8
564,2019,Yale Bulldogs,152.4,9.4,1.17,1046.0,11.3,5.45,77.1
565,2019,Wofford Terriers,180.3,16.7,1.65,1421.0,11.8,5.39,82.1
566,2019,Maryland Terrapins,107.2,11.6,0.82,1325.0,13.1,4.51,67.2
567,2019,Minnesota Golden Gophers,121.2,8.7,0.73,1272.0,15.3,4.58,68.4
568,2019,Abilene Christian Wildcats,145.9,12.8,1.27,1226.0,13.8,5.09,78.6
569,2019,Colgate Raiders,175.4,12.1,1.3,1362.0,11.8,5.34,81.8
570,2019,North Dakota State Bison,140.5,7.7,0.82,1126.0,13.1,5.13,73.3
571,2019,Iowa Hawkeyes,158.6,8.8,1.03,1432.0,17.0,5.1,75.8
572,2019,Oklahoma Sooners,141.1,6.8,0.76,1147.0,12.3,5.08,65.5
573,2019,Bradley Braves,141.7,9.6,1.09,1114.0,12.0,5.02,64.7
574,2019,Mississippi State Bulldogs,141.2,10.1,0.84,1341.0,14.9,4.97,78.8
575,2019,New Mexico State Aggies,172.0,11.2,1.59,1004.0,13.5,5.18,69.3
576,2019,Montana Grizzlies,159.7,15.1,1.32,1559.0,14.8,5.35,87.6
577,2019,Ohio State Buckeyes,122.3,7.7,0.74,1224.0,12.0,4.78,67.5
578,2019,Auburn Tigers,148.1,10.9,1.07,1317.0,12.9,5.03,75.2
579,2019,Buffalo Bulls,146.8,14.8,1.36,1501.0,15.1,4.95,84.6
580,2019,Old Dominion Monarchs,135.7,10.2,1.0,1199.0,11.8,4.5,67.0
581,2019,Marquette Golden Eagles,130.2,11.0,1.04,1339.0,14.7,5.29,75.2
582,2019,Murray State Racers,176.8,15.5,1.53,1487.0,14.7,5.42,84.1
583,2019,Tennessee Volunteers,160.0,14.6,1.37,1408.0,14.3,5.31,80.0
584,2019,Temple Owls,137.3,10.8,1.06,1353.0,16.6,5.06,77.5
585,2019,Villanova Wildcats,153.6,12.7,1.2,1325.0,14.3,5.2,77.1
586,2019,Arizona State Sun Devils,133.5,10.4,1.0,1354.0,15.5,5.39,78.1
587,2019,Belmont Bruins,169.9,16.3,1.49,1554.0,15.1,5.46,89.5
588,2019,Nevada Wolf Pack,121.4,15.5,1.17,1430.0,15.5,4.66,80.5
589,2019,Kentucky Wildcats,149.4,14.6,1.36,1302.0,17.3,4.93,75.0
590,2019,Michigan State Spartans,170.8,16.2,1.49,1433.0,18.9,5.42,92.1
591,2019,Purdue Boilermakers,167.3,14.7,1.34,1406.0,13.4,5.15,73.1
592,2019,Oregon Ducks,137.2,10.9,1.05,1215.0,10.0,4.7,69.7
593,2019,Wisconsin Badgers,122.0,12.9,1.09,1293.0,9.6,4.69,65.3
594,2019,Northeastern Huskies,152.3,13.9,1.24,1383.0,15.6,5.33,86.7
595,2019,Washington Huskies,170.9,12.7,1.4,1204.0,11.8,5.15,68.9
596,2019,Georgia State Panthers,141.3,10.7,1.01,1388.0,13.5,5.27,78.9
597,2019,Florida State Seminoles,154.4,10.7,1.24,1135.0,14.4,4.91,64.2
598,2019,Virginia Tech Hokies,144.4,11.1,1.11,1247.0,16.4,5.3,77.8
599,2019,Gonzaga Bulldogs,201.6,19.3,2.17,1337.0,15.8,5.6,88.0
600,2019,UCF Knights,133.2,11.7,1.0,1210.0,16.2,4.98,69.4
601,2019,UNC Tar Heels,146.3,13.5,1.28,1409.0,13.4,4.84,81.5
602,2019,Michigan Wolverines,140.4,13.7,1.21,1327.0,11.2,4.75,71.9
603,2019,Kansas Jayhawks,136.1,9.7,0.98,1229.0,13.9,5.06,79.2
604,2019,Utah State Aggies,150.7,13.8,1.22,1363.0,14.4,5.16,78.1
605,2019,Houston Cougars,168.8,14.8,1.58,1306.0,13.0,5.14,74.8
606,2019,Vermont Catamounts,150.1,13.4,1.54,1087.0,15.3,4.99,72.3
607,2019,Saint Mary's Gaels,149.6,10.5,1.14,1092.0,12.4,4.74,69.9
608,2019,VCU Rams,163.5,14.9,1.69,1178.0,13.6,5.25,66.8
609,2019,Iona Gaels,126.9,11.5,0.95,1381.0,15.9,4.98,80.2
610,2019,Iowa State Cyclones,164.8,9.8,1.07,1286.0,13.0,5.35,76.5
611,2019,Virginia Cavaliers,183.2,16.6,1.75,1228.0,10.1,5.38,70.7
